Mass,Radius,Lambda,K2,C,Id
4.5111896705598305e-09,49.999,-1.822593147162763e+16,-1.1466013982765938e-33,1.3320676918648806e-10,1874
4.761715780229476e-09,49.999,9766870175059784.0,8.050818954725246e-34,1.4060432417818763e-10,1874
5.030556374410099e-09,49.999,-2.3942240106404644e+16,-2.5972405888653305e-33,1.4854267073246413e-10,1874
5.318713449163628e-09,49.999,7419248307556768.0,1.0633106631412537e-33,1.5705139586912715e-10,1874
5.627161549039238e-09,49.999,7731426556071058.0,1.4688378323114935e-33,1.6615927601752322e-10,1874
5.956825929087487e-09,49.999,-2.1966216969396342e+17,-5.547497480769782e-32,1.7589363218274385e-10,1874
6.308556505626525e-09,49.999,1.3248293622514808e+16,4.457355058642977e-33,1.8627956076176806e-10,1874
6.683097311018737e-09,49.999,-7.404268893308459e+16,-3.323826948205246e-32,1.973390316016652e-10,1874
7.081051327373814e-09,49.999,-2.564027454541097e+16,-1.537017036746324e-32,2.0908984960636866e-10,1874
7.502840833010224e-09,49.999,-8417836045754941.0,-6.73901507063438e-33,2.2154448384382018e-10,1874
7.948663792339549e-09,49.999,6490764142946950.0,6.934797210402179e-33,2.3470877982298894e-10,1874
8.418447405644917e-09,49.999,-1.4064593598833052e+16,-2.0024168942676018e-32,2.48580587908016e-10,1874
8.91180077687902e-09,49.999,-6765618190176888.0,-1.280566481063745e-32,2.6314836568917093e-10,1874
9.427969841967202e-09,49.999,-9064545420812330.0,-2.2735486454382754e-32,2.783898471021823e-10,1874
9.965799339030415e-09,49.999,-8281755032392390.0,-2.741260894033445e-32,2.942709194819419e-10,1874
1.0523708838212783e-08,49.999,-1.2681608675442078e+16,-5.511702465125371e-32,3.1074491576933637e-10,1874
1.1099692862938307e-08,49.999,1.1652788971518238e+16,6.610769097196762e-32,3.2775261809172526e-10,1874
1.1691359152308987e-08,49.999,-9965235686067786.0,-7.32959339168221e-32,3.4522338757809124e-10,1874
1.2296024415326988e-08,49.999,-8756453095871102.0,-8.287415401749411e-32,3.630779917973659e-10,1874
1.2910893852501258e-08,49.999,-6435660369219460.0,-7.773954026334589e-32,3.8123390568678005e-10,1874
1.3533359678346135e-08,49.999,2.623919569871672e+16,4.010937902734983e-31,3.9961412634806415e-10,1874
1.4161465351000927e-08,49.999,-1.2750553269140832e+16,-2.4453290020926604e-31,4.181608808567629e-10,1874
1.4794596755636666e-08,49.999,-1.1285838834073492e+16,-2.693498912585435e-31,4.368560355811183e-10,1874
1.5434479810137517e-08,49.999,3.4514213775676636e+16,1.0179472370438283e-30,4.5575055356237234e-10,1874
1.608658651293057e-08,49.999,-8044794543908766.0,-2.918110612164587e-31,4.750060124074746e-10,1874
1.6762078964510795e-08,49.999,-1.090749985964615e+16,-4.859951391316133e-31,4.949520075120644e-10,1874
1.7479569386821498e-08,49.999,-1.7462877648595448e+16,-9.594818345761692e-31,5.161381220534192e-10,1874
1.8252305848708393e-08,49.999,-2.2480312313823053e+17,-1.5334101240664912e-29,5.389555460673773e-10,1874
1.9084412378318507e-08,49.999,-3.5821234445334164e+16,-3.0535273040653172e-30,5.635260541867109e-10,1874
1.9979831238390842e-08,49.999,-8033495792202350.0,-8.612533947505314e-31,5.899660538606953e-10,1874
2.0942625677218936e-08,49.999,7552910755314497.0,1.0245597794749635e-30,6.183955250097308e-10,1874
2.197695849864565e-08,49.999,-1.0725870056246704e+16,-1.8515599136146808e-30,6.489373872384363e-10,1874
2.3087067148162925e-08,49.999,6955155103147634.0,1.5360945490704583e-30,6.817167641760105e-10,1874
2.427723614265086e-08,49.999,-1.3731730214147314e+16,-3.89931907236791e-30,7.168601693793643e-10,1874
2.5551768358410883e-08,49.999,7086592487757175.0,2.5990196687770583e-30,7.544946585238698e-10,1874
2.6914957652269923e-08,49.999,-7112738055062577.0,-3.382771144930511e-30,7.947470209571341e-10,1874
2.837106660544191e-08,49.999,6998349997613339.0,4.331529467599304e-30,8.377431225179644e-10,1874
2.992431495012109e-08,49.999,-1.4571296428272592e+16,-1.177298461512256e-29,8.836075637958897e-10,1874
3.157888658594319e-08,49.999,5.18431216498835e+16,5.482043909349305e-29,9.324638873137864e-10,1874
3.333896616134637e-08,49.999,1.3079894278972926e+16,1.8139786585369656e-29,9.84435657705229e-10,1874
3.5208820149541354e-08,49.999,-1.5783239186631892e+16,-2.875549160117395e-29,1.0396488557322174e-09,1874
3.719294237555444e-08,49.999,2.635169098568168e+16,6.315074429715626e-29,1.0982361754193336e-09,1874
3.929629024674904e-08,49.999,1.4906257619936708e+16,4.703202579598098e-29,1.1603439994874669e-09,1874
4.152464569887777e-08,49.999,-9577013330759034.0,-3.981319840808935e-29,1.2261430573976894e-09,1874
4.388506224614859e-08,49.999,7057180336390593.0,3.8679611829804203e-29,1.2958416258813444e-09,1874
4.63836047464191e-08,49.999,-9501384097383184.0,-6.868733386702223e-29,1.3696187885460351e-09,1874
4.90232894894198e-08,49.999,-1.2803760149321304e+16,-1.2207228520035049e-28,1.4475636106360252e-09,1874
5.180596949175695e-08,49.999,8197247940647485.0,1.0299932932752051e-28,1.529730808173783e-09,1874
5.473230851497851e-08,49.999,-9435084855782740.0,-1.5603856233336559e-28,1.6161399807633525e-09,1874
5.7801610927850556e-08,49.999,-6842963336819525.0,-1.4866585166255595e-28,1.706770587750054e-09,1874
6.101168213741631e-08,49.999,-8744872476000501.0,-2.4893489197953296e-28,1.80155782701764e-09,1874
6.435874728588881e-08,49.999,8.977227941626444e+17,3.337701251555065e-26,1.9003902342636395e-09,1874
6.783746729886426e-08,49.999,-8523983425659143.0,-4.12342425282312e-28,2.0031101568722874e-09,1874
7.144110638208327e-08,49.999,-6684562563433865.0,-4.188718251074365e-28,2.109518699772279e-09,1874
7.516192464711604e-08,49.999,-8209502180689699.0,-6.6309168627648315e-28,2.2193873189193826e-09,1874
7.89918948342623e-08,49.999,-5.958703585055969e+16,-6.170661718957801e-27,2.332478984747525e-09,1874
8.29238744208549e-08,49.999,1.5735197316520992e+16,2.0774827091957277e-27,2.448582792276466e-09,1874
8.69534052702848e-08,49.999,-8.54550589869194e+16,-1.4303359328678683e-26,2.5675671012920594e-09,1874
9.10813640608883e-08,49.999,-7202273730783546.0,-1.5201433780897458e-27,2.689457798422295e-09,1874
9.531774978304334e-08,49.999,-1.284070297687417e+16,-3.401927111736612e-27,2.814550134654304e-09,1874
9.96869712916936e-08,49.999,8763186175364830.0,2.9048341632420818e-27,2.943564856607945e-09,1874
1.0423508962717246e-07,49.999,-9902999175853288.0,-4.103021209749374e-27,3.0778620583639915e-09,1874
1.090391406333172e-07,49.999,7877242595658351.0,4.088402254793469e-27,3.219716460476999e-09,1874
1.1417617272002256e-07,49.999,-8.490341693774448e+16,-5.547149518090027e-26,3.3714031545530713e-09,1874
1.1967221235380888e-07,49.999,-8373357041150344.0,-6.920436806453333e-27,3.533690652176001e-09,1874
1.2554722882899801e-07,49.999,-9179615493879430.0,-9.641119013351043e-27,3.707168608264736e-09,1874
1.318212851060201e-07,49.999,1.9340945762138724e+16,2.5922250986135584e-26,3.892429443518556e-09,1874
1.3851437402071136e-07,49.999,-8.435148201451077e+16,-1.448218976798765e-25,4.090063507992124e-09,1874
1.4564638256499622e-07,49.999,-6963438550408363.0,-1.5367016518023128e-26,4.30065802637262e-09,1874
1.5323637331783039e-07,49.999,-2.4388469080880524e+16,-6.938429217139465e-26,4.524775880015181e-09,1874
1.6130336073883222e-07,49.999,9984142123355826.0,3.6710908523355837e-26,4.762978529403306e-09,1874
1.6986556789840649e-07,49.999,1.0495896488386886e+16,4.9981998165758366e-26,5.015804066816537e-09,1874
1.7894065711379751e-07,49.999,-6.242582962528016e+16,-3.856352813719413e-25,5.2837740265702716e-09,1874
1.8854587922753228e-07,49.999,-6433428447904630.0,-5.161726614802202e-26,5.567397792921562e-09,1874
1.9869849657362937e-07,49.999,9698037986231730.0,1.0114026438247443e-25,5.867185089449146e-09,1874
2.0941647626070118e-07,49.999,-1.0223104382897024e+16,-1.386450382114468e-25,6.183666450372297e-09,1874
2.2071942476915857e-07,49.999,-2.26863661063601e+16,-4.0016123313992894e-25,6.517420817411802e-09,1874
2.32630734772183e-07,49.999,2.5570189377981124e+16,5.865927687027077e-25,6.869138931291211e-09,1874
2.4517958859471344e-07,49.999,6998743546870584.0,2.087896364899155e-25,7.239682490033966e-09,1874
2.5840458059651414e-07,49.999,8505105563104081.0,3.2994993414911933e-25,7.630191110980157e-09,1874
2.723572158277746e-07,49.999,-6.152705195383907e+17,-3.104758569945172e-23,8.042185639368744e-09,1874
2.8709773883327096e-07,49.999,1.4002034167914408e+16,9.19617636197876e-25,8.477444980933427e-09,1874
3.0265736075908254e-07,49.999,1.3226150684661864e+16,1.1309853191348631e-24,8.936890740890445e-09,1874
3.19063060511252e-07,49.999,-5.38848365752605e+16,-5.999519950221249e-24,9.421319554533935e-09,1874
3.3633815929029e-07,49.999,-7702812799432478.0,-1.1163422375031031e-24,9.931420052136714e-09,1874
3.5450335596331066e-07,49.999,-6872304384247517.0,-1.2956014914952927e-24,1.0467803431501463e-08,1874
3.7357514140102763e-07,49.999,-1.5144638747926692e+16,-3.710360126318996e-24,1.1030956636376779e-08,1874
3.935644562555299e-07,49.999,2.078845805018089e+17,6.609504802463737e-23,1.1621202723212066e-08,1874
4.1448262754616456e-07,49.999,7948110521052318.0,3.273880761497687e-24,1.223887615714002e-08,1874
4.3633523607094126e-07,49.999,-7089381848116011.0,-3.7755227849695886e-24,1.2884141728410352e-08,1874
4.5912472906969874e-07,49.999,1.5023710784077972e+16,1.0320433461258421e-23,1.355707169931664e-08,1874
4.82856552422391e-07,49.999,1.406450146946756e+16,1.243031937043339e-23,1.4257826876237472e-08,1874
5.075394699241925e-07,49.999,9916543036872416.0,1.124544661182425e-23,1.4986666037217278e-08,1874
5.331916927514809e-07,49.999,-7637254757986402.0,-1.108208426004865e-23,1.5744126923327818e-08,1874
5.598521539926629e-07,49.999,-1.0746349754488524e+16,-1.9901922775225404e-23,1.6531359153915614e-08,1874
5.875904309784989e-07,49.999,-1.7217904509029402e+18,-4.060889443866878e-21,1.7350417213964907e-08,1874
6.165281527205261e-07,49.999,-9489523689647886.0,-2.846271184856982e-23,1.8204892574650566e-08,1874
6.468655040362585e-07,49.999,2.6019690406617024e+16,9.922917528294152e-23,1.910069630926558e-08,1874
6.789138262604116e-07,49.999,8752583990158738.0,4.250860486539151e-23,2.004702172962796e-08,1874
7.130564415727024e-07,49.999,1.730745170358614e+16,1.0742861193591175e-22,2.105518760370059e-08,1874
7.494536072431743e-07,49.999,9792821797668550.0,7.796486320341309e-23,2.2129926020963202e-08,1874
7.8818064556272e-07,49.999,1.3838855911970968e+17,1.4174126903313126e-21,2.327346110404203e-08,1874
8.293097074845161e-07,49.999,-7502703843702603.0,-9.909890305609201e-23,2.4487923332049742e-08,1874
8.729082574101521e-07,49.999,8978881477884259.0,1.532260288138608e-22,2.5775304799229126e-08,1874
9.190310655187477e-07,49.999,1.03553282623952e+16,2.2860310665896094e-22,2.7137222763807177e-08,1874
9.677294296628403e-07,49.999,9862504539235892.0,2.818540355251491e-22,2.8575191952874033e-08,1874
1.0190496219067363e-06,49.999,-4.728567762218489e+16,-1.749740225829253e-21,3.0090578691643204e-08,1874
1.0730364976331674e-06,49.999,3.861476963606797e+16,1.8496655879705845e-21,3.168470747344144e-08,1874
1.1297351174203966e-06,49.999,-2.5924062635271452e+16,-1.6063992940284572e-21,3.335890885062552e-08,1874
1.1892006114032501e-06,49.999,-1.1391804577351038e+16,-9.122953126913543e-22,3.511481071022334e-08,1874
1.2515037838332376e-06,49.999,-7243476400652810.0,-7.488161161289758e-22,3.695450376583308e-08,1874
1.3167381327117847e-06,49.999,-2.0168725066165628e+16,-2.688083831288506e-21,3.888074883391444e-08,1874
1.385030402171852e-06,49.999,-9187634837023864.0,-1.576767125304307e-21,4.0897288425356565e-08,1874
1.4565485796345123e-06,49.999,-8858406126336146.0,-1.955454682646093e-21,4.300908288615666e-08,1874
1.5315073637660826e-06,49.999,-7855741213892157.0,-2.228691276507932e-21,4.522247185569532e-08,1874
1.6101678547556236e-06,49.999,-1.0430437688890928e+16,-3.801242638359384e-21,4.7545165121225724e-08,1874
1.6928271880152179e-06,49.999,8941144544359053.0,4.185270588768071e-21,4.998593652094684e-08,1874
1.7798087101728162e-06,49.999,-7169262627185464.0,-4.311301818417159e-21,5.255433385993497e-08,1874
1.8715803896586705e-06,49.999,5.1620046990055706e+17,3.9914263853678356e-19,5.5264175347404837e-08,1874
1.968786441062953e-06,49.999,1.988330847781576e+16,1.9803821231894474e-20,5.813448340326924e-08,1874
2.0721797807689303e-06,49.999,1.0467717125304714e+16,1.3466552701688398e-20,6.118749020267634e-08,1874
2.182468368982359e-06,49.999,2.8495423203717596e+16,4.750969036955791e-20,6.444410045117133e-08,1874
2.3000049239765767e-06,49.999,1.3847306487014574e+16,3.001072117014918e-20,6.791472924212321e-08,1874
2.4247738899353485e-06,49.999,6.720568860421519e+16,1.8968350586483797e-19,7.15989172421468e-08,1874
2.5566563740129752e-06,49.999,-1.7661627502606366e+16,-6.496206524481087e-20,7.54931537737908e-08,1874
2.6954574797992356e-06,49.999,1.7727073756547192e+16,8.493110539057413e-20,7.959168392027545e-08,1874
2.84091431064274e-06,49.999,8905135193055449.0,5.54879254109788e-20,8.388674484826437e-08,1874
2.9927194710436147e-06,49.999,1.1270885681255436e+16,9.110776421804749e-20,8.836925975886614e-08,1874
3.1505531321131816e-06,49.999,1.7654641836167102e+16,1.845271398081668e-19,9.302978471909089e-08,1874
3.3141412457191104e-06,49.999,6906919346977255.0,9.298368457225305e-20,9.786022761378164e-08,1874
3.483327926771752e-06,49.999,3.935413600749587e+16,6.795626303532075e-19,1.0285598545555077e-07,1874
3.6581860459242083e-06,49.999,1.959155635838935e+16,4.3218051240663095e-19,1.080192099748679e-07,1874
3.839141230232971e-06,49.999,-1.423938597009946e+16,-3.998793745764401e-19,1.133624691214789e-07,1874
4.027141001164394e-06,49.999,-7064316044679372.0,-2.5195419710030506e-19,1.1891374138498067e-07,1874
4.22384178514513e-06,49.999,7344177164464852.0,3.324670838809157e-19,1.2472193785730318e-07,1874
4.431661245907695e-06,49.999,-1.1142987017783684e+16,-6.413597501365688e-19,1.3085844750639182e-07,1874
4.652175718186109e-06,49.999,4.580022832333212e+16,3.360589701821251e-18,1.3736981647027437e-07,1874
4.886162273097009e-06,49.999,7728488307880375.0,7.247717932461916e-19,1.4427899016699676e-07,1874
5.134417150497027e-06,49.999,3.617942493691914e+16,4.346950651821186e-18,1.5160948003069172e-07,1874
5.397763378471115e-06,49.999,-3.787863276243309e+16,-5.84427718059125e-18,1.5938558850043893e-07,1874
5.677052803477603e-06,49.999,3.4878418374100696e+16,6.925302520740435e-18,1.6763246896655097e-07,1874
5.973156197330179e-06,49.999,-1.5257221599539592e+16,-3.9062686711812885e-18,1.76375833648746e-07,1874
6.286947314610311e-06,49.999,-1.6790022683642764e+16,-5.552872295705287e-18,1.856414828421477e-07,1874
6.619310091902599e-06,49.999,4.890522086730865e+16,2.0925996902100104e-17,1.954555174968821e-07,1874
6.971113913868759e-06,49.999,-2.34370911794634e+16,-1.2992176309309673e-17,2.058436088727331e-07,1874
7.343197884463578e-06,49.999,1.1795889449861194e+16,8.480552569542876e-18,2.1683053409834994e-07,1874
7.736348129847488e-06,49.999,-2.132295669333055e+16,-1.9897327363753674e-17,2.2843950596983558e-07,1874
8.151266086116494e-06,49.999,-4.058353639294621e+16,-4.9174792697441906e-17,2.406912365483009e-07,1874
8.588537134389294e-06,49.999,-8308259123302548.0,-1.30729415719933e-17,2.536030110142103e-07,1874
9.048665280692764e-06,49.999,2.027079299768463e+16,4.140574989748761e-17,2.6718971169781217e-07,1874
9.532289401104021e-06,49.999,1.1186556379045688e+16,2.964488769752242e-17,2.814702033829791e-07,1874
1.0040059072712126e-05,49.999,-4.497585883739804e+16,-1.5449986482496697e-16,2.964636668339197e-07,1874
1.0572603033473916e-05,49.999,7.206040145441482e+16,3.2053363334195902e-16,3.1218866747528064e-07,1874
1.1130544607869432e-05,49.999,-8.125630225070862e+17,-4.67419068580218e-15,3.286636108821328e-07,1874
1.1714525774301973e-05,49.999,-1.2388774893682242e+16,-9.202783841248133e-17,3.4590745344408426e-07,1874
1.2325250830502007e-05,49.999,-1.556429818542099e+16,-1.4906499590693308e-16,3.6394099172081716e-07,1874
1.2963552724952502e-05,49.999,-5.354400533453937e+16,-6.600826921046511e-16,3.8278882108171693e-07,1874
1.3630475298680854e-05,49.999,1.9749484954889708e+16,3.1288019440656117e-16,4.02481764148078e-07,1874
1.4327392465171702e-05,49.999,3.819724145112487e+16,7.764886031737657e-16,4.2306038994709646e-07,1874
1.5056143969200698e-05,49.999,1.301299545277101e+16,3.3901067262305134e-16,4.445790226095643e-07,1874
1.5819331589148634e-05,49.999,1.8068791305194188e+16,6.027497612578874e-16,4.6711448765547843e-07,1874
1.6620457520613233e-05,49.999,-2.8554992864872468e+16,-1.219450644634897e-15,4.907701981963903e-07,1874
1.746425783806008e-05,49.999,1.0691119879667176e+16,5.848455238944832e-16,5.156860014176898e-07,1874
1.8354967575280833e-05,49.999,6699895305495224.0,4.700060224125349e-16,5.419869497356971e-07,1874
1.9295260423690964e-05,49.999,-1.0542530777243194e+16,-9.494353516493194e-16,5.697519921242452e-07,1874
2.028782767316379e-05,49.999,8135736255920619.0,9.415467655820467e-16,5.990605972058369e-07,1874
2.1335489613953142e-05,49.999,1.2719791775729208e+16,1.893478457317477e-15,6.299960427365225e-07,1874
2.2441210165755785e-05,49.999,-2.1451903295613188e+16,-4.111161084530057e-15,6.626458475740238e-07,1874
2.3608077409053253e-05,49.999,-1.0473870637322668e+16,-2.5862922976680617e-15,6.971011968056403e-07,1874
2.483935739922426e-05,49.999,-7492646112701571.0,-2.3856366641879462e-15,7.334585307756609e-07,1874
2.6138466133568762e-05,49.999,-1.4428495603040064e+17,-5.927735850666318e-14,7.718187173254106e-07,1874
2.750900836780752e-05,49.999,-1.457764245042147e+16,-7.73266630947587e-15,8.122881979699518e-07,1874
2.8954848114702302e-05,49.999,-8053694726007202.0,-5.519108318824597e-15,8.549810695869776e-07,1874
3.0480144892704788e-05,49.999,-7812671278330836.0,-6.920731263462536e-15,9.000201547698129e-07,1874
3.2089986156679765e-05,49.999,-9258178902119702.0,-1.0608171094380325e-14,9.475556762923622e-07,1874
3.378831691540469e-05,49.999,-9894635027436390.0,-1.4672356563777417e-14,9.977041226891438e-07,1874
3.5580786975610914e-05,49.999,-1.2161195168851682e+16,-2.3351850651163443e-14,1.0506323219049287e-06,1874
3.7469764386447865e-05,49.999,-8954631504563978.0,-2.2269980053487704e-14,1.1064101978842867e-06,1874
3.9456385372791034e-05,49.999,1.8923064567263904e+16,6.093197469298424e-14,1.1650713011661638e-06,1874
4.154184973427977e-05,49.999,7044955050931268.0,2.9347740958699205e-14,1.2266510595302145e-06,1874
4.3727659308548535e-05,49.999,-3.1099642737179444e+16,-1.6741865618251093e-13,1.2911938193581566e-06,1874
4.601593463305423e-05,49.999,1.247010992533033e+16,8.663209506568403e-14,1.3587621960495183e-06,1874
4.8409771753972195e-05,49.999,1.440244191699072e+16,1.2893434124598643e-13,1.429447609903242e-06,1874
5.091361016892137e-05,49.999,7410451873491016.0,8.536531637339865e-14,1.5033811507598842e-06,1874
5.3533603693437624e-05,49.999,-9520692687991626.0,-1.4095102649323913e-13,1.5807445289764822e-06,1874
5.627786760078525e-05,49.999,3.3752691443580652e+16,6.415992898328749e-13,1.6617773729906647e-06,1874
5.9156427312631806e-05,49.999,1.1820890311599792e+16,2.883547916570314e-13,1.7467757142547957e-06,1874
6.218072956365907e-05,49.999,-8703889236705513.0,-2.7243300474344127e-13,1.836077552865534e-06,1874
6.53624873575881e-05,49.999,1.18249957392199e+16,4.750191796900425e-13,1.9300287513330143e-06,1874
6.871147609818434e-05,49.999,-7353173819748691.0,-3.7921763244682934e-13,2.0289179585610025e-06,1874
7.223811081887816e-05,49.999,6629630325070563.0,4.391253502866371e-13,2.1330527104891384e-06,1874
7.596261412404749e-05,49.999,3.4744772201620136e+16,2.9590770658093742e-12,2.2430301417959525e-06,1874
7.991580083055211e-05,49.999,8245485453445716.0,9.049963076863909e-13,2.3597601548568098e-06,1874
8.413211286993085e-05,49.999,-9017078003819782.0,-1.279799994211913e-12,2.484259753779246e-06,1874
8.863120023117294e-05,49.999,1.113322768540972e+16,2.0503194974887324e-12,2.6171091650088223e-06,1874
9.339822822683424e-05,49.999,2.5608479516069604e+16,6.1283601525614625e-12,2.757870348708904e-06,1874
9.840957657653155e-05,49.999,1.1972792406750002e+16,3.720913435840651e-12,2.9058458433522884e-06,1874
0.0001036424903411219,49.999,1.0472000054785028e+16,4.216830386918279e-12,3.0603637392770846e-06,1874
0.00010907882567270827,49.999,9179496583459254.0,4.772966997608694e-12,3.2208882834922938e-06,1874
0.00011470989291828838,49.999,4.039425733442946e+16,2.701414942854278e-11,3.3871628872294715e-06,1874
0.00012054197677251186,49.999,-2.6218325842247844e+16,-2.2467968215853958e-11,3.5593731254545873e-06,1874
0.00012660188059152594,49.999,6.520433163286576e+16,7.140761538998761e-11,3.7383104498104377e-06,1874
0.0001329412390149516,49.999,8671421127713399.0,1.2124286405973062e-11,3.925499532063077e-06,1874
0.00013963633060276568,49.999,-7.56170296223816e+16,-1.3516960686982901e-10,4.123192731628697e-06,1874
0.00014674432525253896,49.999,-1.012372944451006e+16,-2.3196069785366374e-11,4.333078165812545e-06,1874
0.00015429209770574328,49.999,-2.514019727094186e+16,-7.402090617317394e-11,4.555949394128989e-06,1874
0.00016230575395525387,49.999,-7.849142987922293e+16,-2.9768648702006107e-10,4.792577276422385e-06,1874
0.0001708091205382002,49.999,2.6955643537951744e+16,1.319691093961008e-10,5.043665364585626e-06,1874
0.0001798187562151381,49.999,-1.3836408831278676e+16,-8.759223964695123e-11,5.309702607024e-06,1874
0.00018933530902392876,49.999,4.418317524457656e+16,3.6197809138769903e-10,5.590708139051272e-06,1874
0.0001993289026489623,49.999,-7648940826442510.0,-8.104383408212835e-11,5.885799770432003e-06,1874
0.00020971500359971847,49.999,1.641823409359012e+17,2.2425454460720213e-09,6.1924813895010705e-06,1874
0.00022032251655239605,49.999,1.0394533292192578e+16,1.8170492985019562e-10,6.505700879861062e-06,1874
0.0002311592355541836,49.999,-8330752338954547.0,-1.851432017448427e-10,6.825688384760362e-06,1874
0.00024270378180215796,49.999,4.279062610136239e+16,1.2133850981715813e-09,7.166576669164025e-06,1874
0.00025550247004880436,49.999,1.0725016175964512e+16,3.9322468128038535e-10,7.54449735875216e-06,1874
0.000269607317873373,49.999,8756286992902290.0,4.1999649433635847e-10,7.960986432762804e-06,1874
0.0002841352383770615,49.999,2.617993388896965e+16,1.632530615398409e-09,8.389968030660089e-06,1874
0.00029842658443704945,49.999,1.055858497605907e+16,8.415124767445969e-10,8.811964039473612e-06,1874
0.0003129569155400159,49.999,-7562196093711779.0,-7.644304828912103e-10,9.241016817739062e-06,1874
0.00032898965230721564,49.999,-1.397407670227846e+17,-1.8134334093351206e-08,9.714432750550212e-06,1874
0.00034767677188914293,49.999,9086481313010328.0,1.5543235217387707e-09,1.0266227511288166e-05,1874
0.0003680325717052521,49.999,6860002257394338.0,1.5596345194796184e-09,1.086729519536413e-05,1874
0.00038825197240054674,49.999,-6723527484889092.0,-1.9972518695137553e-09,1.1464335275297855e-05,1874
0.000407433107664538,49.999,-9181050628686038.0,-3.4708932995360894e-09,1.2030717370584087e-05,1874
0.00042606721231525075,49.999,-3.284017471332888e+16,-1.5526134017985212e-08,1.258094670219548e-05,1874
0.0004457571178331099,49.999,-3.1995178498831744e+17,-1.8960215498644177e-07,1.31623518062056e-05,1874
0.0004671845376501473,49.999,1.3295163921613636e+16,9.963302063425612e-09,1.3795062371327078e-05,1874
0.0004904173234518958,49.999,7654007984121818.0,7.311142065561095e-09,1.4481081927553936e-05,1874
0.0005155099561905301,49.999,1.507841443278596e+17,1.8484523548057223e-07,1.5222019192796825e-05,1874
0.0005425081961461901,49.999,1.0185714637833436e+16,1.611722698431965e-08,1.601922538026549e-05,1874
0.0005714428224594548,49.999,-8.25680821960423e+16,-1.6941170234606398e-07,1.687360933888322e-05,1874
0.0006023190898250864,49.999,-3.275286087023152e+16,-8.742782573363899e-08,1.7785326229696987e-05,1874
0.0006350998054222006,49.999,-9075332439561222.0,-3.157473682029284e-08,1.875327782011877e-05,1874
0.0006696780620952892,49.999,-3.64445462215996e+16,-1.652837684618388e-07,1.977430734711528e-05,1874
0.0007058533368304898,49.999,-1.5152048318309956e+16,-8.939454236338769e-08,2.084249375110473e-05,1874
0.0007435372355183068,49.999,-9205271780442852.0,-7.043970451616971e-08,2.1955226923756305e-05,1874
0.0007827751194401922,49.999,2.474747482772487e+16,2.448968815877282e-07,2.311384629661459e-05,1874
0.000823627217883056,49.999,-2.75465485413795e+16,-3.515506780100977e-07,2.4320130324877786e-05,1874
0.0008661721210187789,49.999,2.398802478213313e+16,3.938064212016116e-07,2.557639962542316e-05,1874
0.0009105169752682624,49.999,-1.2838231931646976e+16,-2.7052832930945385e-07,2.6885818026331664e-05,1874
0.0009568115137593662,49.999,2.2069110072593416e+16,5.959146780644098e-07,2.8252806859371393e-05,1874
0.001005268280450134,49.999,1.2841625705281544e+16,4.4391232414171605e-07,2.9683642139524788e-05,1874
0.0010561906727920038,49.999,1.5815439475778412e+16,6.999390155100261e-07,3.1187282610989486e-05,1874
0.0011099765395868684,49.999,-7083961595248793.0,-4.0189489952453367e-07,3.277547598498912e-05,1874
0.0011668291706651889,49.999,-8330882727711604.0,-6.067289376139716e-07,3.445422501988718e-05,1874
0.0012268004646268807,49.999,-1.1984248165853546e+16,-1.121366947046867e-06,3.6225062181690386e-05,1874
0.0012899653312496266,49.999,-2.091737688330016e+16,-2.5157339584362042e-06,3.809019941230194e-05,1874
0.001356428577311587,49.999,1.3632263872512428e+16,2.107754071340922e-06,4.005273145464492e-05,1874
0.001426314642504621,49.999,-1.3283299733540542e+16,-2.640279928073003e-06,4.21163327738874e-05,1874
0.0014997381427088981,49.999,1.403721532168999e+16,3.5861251768500663e-06,4.428438775690067e-05,1874
0.001576744706529682,49.999,-2.0123407148151725e+17,-6.60352339270867e-05,4.655824372878818e-05,1874
0.0016572110897355426,49.999,2.313276912759417e+16,9.73607870383118e-06,4.893426152403295e-05,1874
0.00174086855931927,49.999,1.7927732082908256e+16,9.652116626153405e-06,5.1404505972917384e-05,1874
0.0018283930505995757,49.999,1.9168409383486052e+16,1.3188675538177832e-05,5.3988936147562124e-05,1874
0.001920933792303154,49.999,1.4390738403359726e+16,1.2673960800827701e-05,5.67214865656706e-05,1874
0.0020200586093731755,49.999,-1.133508322298392e+16,-1.283842835707477e-05,5.964845208748619e-05,1874
0.0021272389991085433,49.999,6406178812561600.0,9.39610339266902e-06,6.281328320287249e-05,1874
0.0022416965897856956,49.999,1.1337206853185816e+16,2.161013721999599e-05,6.619299608935834e-05,1874
0.0023606398219113986,49.999,1.0223236933659274e+16,2.5235061612772513e-05,6.970516135508904e-05,1874
0.0024829774494897435,49.999,1.6592336612169806e+16,5.272768746706127e-05,7.331755660107053e-05,1874
0.0026087041737161043,49.999,-7664333872370378.0,-3.1179265381525146e-05,7.703002536377625e-05,1874
0.0027393472256679006,49.999,-6577356901044950.0,-3.416285281877442e-05,8.088766384453684e-05,1874
0.002877546574769156,49.999,7534725714327986.0,5.005489491385233e-05,8.496842527152629e-05,1874
0.003024057068925774,49.999,2.1138425553691864e+16,0.00018000718849754446,8.92945988540476e-05,1874
0.0031790764912816806,49.999,-6.529122496922041e+16,-0.0007138829385473841,9.387202474858405e-05,1874
0.0033426865925171847,49.999,1.6964412351620756e+16,0.00023838801400196535,9.870311689575843e-05,1874
0.0035147336010264677,49.999,7473151337949732.0,0.0001349687239339119,0.00010378333471530263,1874
0.003695302398951012,49.999,5.166059596296695e+16,0.0011986065039128098,0.0001091151846138753,1874
0.0038850116725424487,49.999,-7915031761235302.0,-0.00023587482994081194,0.00011471693520856814,1874
0.004084534473258898,49.999,8188323733747328.0,0.0003134549496493542,0.0001206084604166358,1874
0.0042944089175280765,49.999,1.2584901394987406e+16,0.0006189193991944348,0.0001268056497829693,1874
0.004513410685589206,49.999,1.0538432630903952e+16,0.0006646110927515819,0.0001332723514958085,1874
0.00474069704366106,49.999,9036427230747966.0,0.0007285763437781852,0.00013998368124469883,1874
0.004976321948914752,49.999,-1.6434864118843496e+16,-0.0016887904518011559,0.0001469412322813019,1874
0.005219496589571638,49.999,-7984293585023136.0,-0.0010414702932770403,0.00015412171250836563,1874
0.005469332660662002,49.999,-4.1439950482772134e+17,-0.06829017445291244,0.0001614988919857391,1874
0.005731031545480964,49.999,6557849047507804.0,0.0013651887747880218,0.00016922635757512426,1874
0.006009823512483707,49.999,2.4559507779401476e+16,0.0064832915059604285,0.00017745854906153823,1874
0.006312988819641829,49.999,4981745506895905.0,0.0016819920430236912,0.00018641043848430133,1874
0.0066487362453703635,49.999,6509001760093891.0,0.0028475883769999415,0.0001963244153086073,1874
0.0070127200763867095,49.999,5226396189436910.0,0.0029847100319583737,0.00020707215896528024,1874
0.007391845739518333,49.999,-3.25765954149823e+16,-0.024206804763161806,0.0002182670118509895,1874
0.0077799332178983245,49.999,5099034498442747.0,0.004893669031941144,0.00022972648993369984,1874
0.008175121592387723,49.999,1.155396168925843e+16,0.014205918724043339,0.00024139564384432666,1874
0.008579870460013617,49.999,2924433680785434.0,0.00457838942305023,0.0002533471007604896,1874
0.008999414333641037,49.999,5440066192466086.0,0.010812913241427163,0.00026573542579647893,1874
0.009435063127773993,49.999,4950281530229712.0,0.012462961351183308,0.0002785992982124749,1874
0.009884344594238835,49.999,2960930664831446.5,0.009406648678677536,0.00029186571726679103,1874
0.010341437160005311,49.999,1635379997554074.2,0.006513140792460757,0.00030536278308565263,1874
0.010806325286053893,49.999,2431286292923425.0,0.012064062579468213,0.0003190900368316489,1874
0.011294400527942044,49.999,2101230280190118.0,0.013003398532565984,0.0003335019615875783,1874
0.011823101717924486,49.999,1488693482798416.5,0.011580564111687421,0.0003491134925862014,1874
0.012413552187161272,49.999,1057009696580286.1,0.010491235634640269,0.0003665483612384692,1874
0.01308500448930008,49.999,1079752632908332.0,0.01394636251444187,0.0003863750584874104,1874
0.013819396694759935,49.999,701796399586758.1,0.011910331589890594,0.00040806025023260836,1874
0.014579768283680718,49.999,513125261599661.3,0.011382661032711123,0.00043051256328925815,1874
0.015344338931452354,49.999,411008234957978.2,0.01177222992216185,0.0004530888664913004,1874
0.016104666829119242,49.999,304894301594630.75,0.011121806349497413,0.00047553988942911285,1874
0.016869876964637473,49.999,249325270127986.38,0.011470785865266425,0.0004981350754764529,1874
0.017662280963174338,49.999,205372079886358.6,0.011886189361407555,0.0005215332440847019,1874
0.018499392314018086,49.999,167551174874907.84,0.012223683268943079,0.000546251534965474,1874
0.019387097994594232,49.999,140184628125110.6,0.012928011199749484,0.0005724637792587552,1874
0.020328344428336396,49.999,116736418211047.44,0.013645319671327458,0.0006002569791912108,1874
0.02132309258448624,49.999,95455339063032.66,0.01416832420289183,0.0006296299822594885,1874
0.02237212225967122,49.999,78439925134349.33,0.014802681293826706,0.0006606058143607358,1874
0.023476866873623787,49.999,63056955588773.73,0.015142618594719862,0.0006932268016273902,1874
0.024641578453921946,49.999,50794521318474.36,0.0155391331869607,0.0007276184982696537,1874
0.025863548609866317,49.999,41322317092830.48,0.01610247095308587,0.0007637009307104646,1874
0.027120604362989426,49.999,32862623793026.664,0.01623552547786619,0.000800819373469276,1874
0.028388973221598283,49.999,26673321650026.586,0.01656123905575911,0.0008382718705111645,1874
0.029645883283920146,49.999,21889043638619.605,0.016877808602326665,0.0008753860113003513,1874
0.030869989632326046,49.999,18615469145048.613,0.017572101456245822,0.000911531521402919,1874
0.0320699165471988,49.999,16160380993732.236,0.018458994594982018,0.0009469630592593783,1874
0.03328011671802437,49.999,14225460568485.51,0.019555000804854963,0.0009826979466387878,1874
0.034539303710359785,49.999,12662914634900.514,0.020958918482978893,0.0010198793207994174,1874
0.03589606239170037,49.999,11268899689989.98,0.022614285367219582,0.0010599417995922169,1874
0.037375628373210255,49.999,9952710971706.695,0.02444281411914757,0.0011036305421608058,1874
0.038900357937132334,49.999,8794308197055.605,0.026377702570396476,0.0011486528786009357,1874
0.04040326231639792,49.999,7745702022713.086,0.028080850000278323,0.0011930307592439696,1874
0.0420029490513242,49.999,6726549639613.539,0.029611374531863122,0.0012402664370210845,1874
0.0438947383702083,49.999,5689056465203.587,0.031215469150817663,0.0012961273432460238,1874
0.04615018545663661,49.999,4676102198480.587,0.03296237876918091,0.0013627263650993675,1874
0.04869442910395634,49.999,3761234295172.7715,0.034673212253588576,0.0014378529948871704,1874
0.0514094606049316,49.999,3005243627475.6973,0.03633810029196992,0.0015180226620693474,1874
0.05413358631913311,49.999,2422720225500.2554,0.03792316382661322,0.0015984608639065994,1874
0.05669247277698964,49.999,1976360747501.4895,0.03897270220127217,0.00167401986777438,1874
0.05907307737987346,49.999,1611745090385.932,0.03904016397494953,0.0017443145507778732,1874
0.061304112083998184,49.999,1315258216645.2598,0.038346555096733126,0.0018101927218551954,1874
0.06343960678905637,49.999,1081212487826.9615,0.037409401808040234,0.0018732497802032547,1874
0.06554142102494166,49.999,899762285459.7228,0.03664159327105899,0.0019353123189653858,1874
0.06768506510074432,49.999,760128410066.2909,0.036359551523917316,0.0019986100125841937,1874
0.06995311802819887,49.999,648974200144.6931,0.036604132239741155,0.0020655812607189867,1874
0.07243224085238566,49.999,558214715016.2878,0.03747383888737282,0.0021387849976359985,1874
0.07525070771418284,49.999,480724897833.80414,0.03905861664379581,0.002222008912420453,1874
0.07843216109028388,49.999,414960333708.53015,0.041471026980893125,0.0023159511220139754,1874
0.08175298773729565,49.999,360536427839.6597,0.04433376513950746,0.002414008756691513,1874
0.08512715363969635,49.999,315066498439.5406,0.04742529993056165,0.0025136413971657565,1874
0.08855173535589546,49.999,275445659434.2538,0.05049967856631325,0.0026147627198197408,1874
0.09198865051102188,49.999,241075897811.602,0.05346780182792915,0.0027162482252442227,1874
0.09541878875631984,49.999,210380419135.3503,0.056032772375930996,0.00281753362153359,1874
0.09883861722234097,49.999,183394617008.77066,0.0582488273610933,0.002918514589836376,1874
0.10220331075401257,49.999,160252123490.76773,0.060172203230288206,0.003017867529390572,1874
0.10554241540043767,49.999,140191413290.41898,0.061819267871598124,0.0031164648782958074,1874
0.10880773761134843,49.999,123214176981.8015,0.06327423166753321,0.003212883573547502,1874
0.11201315431933412,49.999,108725256051.45212,0.06455693062912601,0.0033075333743203825,1874
0.11514221712654506,49.999,96426310071.73857,0.06571065332063833,0.0033999285910079674,1874
0.11816270208055904,49.999,86091644777.29456,0.06677753312611037,0.003489117712167369,1874
0.12115424013706906,49.999,77072640156.56421,0.06774240718440691,0.0035774520870234523,1874
0.12400238840535069,49.999,69666013299.69522,0.06877625238602329,0.003661552436751112,1874
0.12679308129678324,49.999,63131908074.052376,0.06966168806016024,0.003743956239518575,1874
0.12944195554787746,49.999,57612570392.780624,0.07049525359358749,0.0038221724101380984,1874
0.1320161055213777,49.999,52815012801.78511,0.07131145081473929,0.0038981821163158706,1874
0.13445370694386788,49.999,48760390982.164246,0.07214369461026891,0.003970159805964643,1874
0.13679757772979467,49.999,45189114324.271286,0.07289423202866722,0.004039369809884774,1874
0.1390173853499881,49.999,42063567589.5511,0.0735392137947614,0.004104916466730354,1874
0.14111815986226123,49.999,39415591026.02304,0.07427623217664572,0.004166948304450558,1874
0.14309799283352032,49.999,37088972422.45827,0.07493415427074311,0.004225408970680444,1874
0.14496081137777048,49.999,35037386191.31634,0.07551827379214944,0.004280414425556264,1874
0.1467163971885367,49.999,33190403850.661587,0.07597541902311211,0.004332253503706305,1874
0.14834398821433345,49.999,31604024888.311657,0.07644682401777178,0.004380313141614724,1874
0.1498462168083819,49.999,30198172082.702484,0.07682045363656734,0.004424671067617849,1874
0.15126828229719846,49.999,28938796208.038727,0.07717686559820955,0.004466661931041987,1874
0.15258635789597047,49.999,27803810167.63798,0.07743729026756152,0.004505582172680636,1874
0.15376899953909642,49.999,26827461406.198635,0.07765882597419334,0.004540503309651286,1874
0.1548857558294024,49.999,25950698175.994022,0.07788857205147184,0.004573478978657438,1874
0.15589872331675012,49.999,25161710776.91155,0.07802257110690684,0.0046033899635936565,1874
0.1568094445007932,49.999,24470776893.73983,0.07812250083384226,0.004630281811513015,1874
0.15766537760493288,49.999,23821761037.59372,0.07814889441934308,0.004655555872629593,1874
0.15842756845642397,49.999,23259947621.455647,0.0781681465015604,0.004678061905016839,1874
0.15912059872941678,49.999,22745671401.145554,0.07812644810883702,0.004698525758313955,1874
0.15974887485438002,49.999,22285289608.07962,0.07806828171180306,0.004717077545952042,1874
0.16031424990025672,49.999,21859529933.072742,0.07794149890999502,0.004733771985498973,1874
0.16082367224090618,49.999,21485928388.85974,0.07783434856454717,0.0047488142490934694,1874
0.1612836390789997,49.999,21130537599.35319,0.07764784632884283,0.004762396186655355,1874
0.1616931580544845,49.999,20792677562.915035,0.0773812844188723,0.0047744884956976655,1874
0.16205923975069186,49.999,20498641105.436977,0.07715451687212756,0.004785298185285388,1874
0.16238412969359792,49.999,20228985831.53315,0.07690583973558482,0.0047948915614890375,1874
0.16265984499521025,49.999,19965002998.581955,0.0765488108516854,0.004803032904953875,1874
0.16291320782154814,49.999,19733247625.15736,0.07625131537140703,0.0048105142227421035,1874
0.16312332085463518,49.999,19464264406.603634,0.07569820210113407,0.004816718457178122,1874
0.16329636858496044,49.999,19243143701.77122,0.0752360447153916,0.004821828224391439,1874
0.16342173134231466,49.999,19015861741.7992,0.07463324856051745,0.004825529945911251,1874
0.16352491981837874,49.999,18804008300.096985,0.07403506409786755,0.0048285769034806655,1874
0.16359065653654933,49.999,18585882057.650673,0.07332346026491456,0.004830517982549358,1874
0.1635571883718454,49.999,18382151188.85237,0.07244556653922117,0.00482952973190676,1874
0.16351363103443148,49.999,18163375039.479027,0.07148808479692607,0.00482824356736592,1874
0.16339650885234117,49.999,17964716844.488678,0.0704533324564216,0.004824785174211197,1874
0.16323779731256366,49.999,17735481881.85511,0.06921718303586537,0.0048200987271783124,1874
0.1630205596644783,49.999,17521951442.73417,0.06793000860268822,0.0048136841165411295,1874
0.16281730619546864,49.999,17258971629.327217,0.06649439493278239,0.004807682431861496,1874
0.16254938579823555,49.999,16994783173.361485,0.0649395971878535,0.0047997712569562406,1874
0.1622806430123769,49.999,16701012812.690939,0.06329125490984625,0.004791835798493914,1874
0.16195900476850483,49.999,16421712759.602913,0.061618517680373304,0.004782338438719258,1874
0.16168172857844268,49.999,16109255725.46717,0.05993044360882341,0.004774151005215507,1874
0.16141474692061916,49.999,15779122899.209578,0.05821919614376563,0.004766267549482573,1874
0.16111350695217475,49.999,15493071249.955967,0.05663234845266013,0.004757372511615248,1874
0.16083810870004073,49.999,15222534477.327526,0.055169500573388056,0.004749240530012749,1874
0.16053680637490741,49.999,14998577915.902145,0.05385059142917187,0.004740343650872128,1874
0.16027364660748997,49.999,14818343349.10805,0.05276883947558813,0.004732573048224601,1874
0.15997264280839502,49.999,14696228385.700441,0.05184439234340094,0.004723684983984704,1874
0.1596253494074413,49.999,14618643713.314651,0.05101333122522627,0.004713430076681042,1874
0.15929921541138797,49.999,14613729765.34206,0.050477350872145006,0.004703799965976618,1874
0.15891835385678524,49.999,14632165880.312508,0.04993973151767941,0.0046925538555487945,1874
0.15850585930752428,49.999,14688397321.577929,0.04948440065600566,0.004680373683526174,1874
0.1580466694292647,49.999,14741502317.11863,0.04894809389639429,0.004666814688096371,1874
0.15758026345397225,49.999,14785320347.12598,0.04837345953286299,0.004653042615176574,1874
0.15704154878209947,49.999,14784397607.889202,0.04754926199772029,0.004637135405284283,1874
0.15648062834319612,49.999,14758039088.735363,0.04662285465308597,0.004620572501728134,1874
0.1558863421028299,49.999,14753932546.233126,0.045731497595687204,0.004603024370119349,1874
0.15529229280131315,49.999,14714801205.793718,0.044747750510651316,0.0045854832348598525,1874
0.15463916438886255,49.999,14742289823.190886,0.04389648184861953,0.004566197606890313,1874
0.153987724569504,49.999,14739042060.892262,0.042970169260235405,0.004546961839832571,1874
0.15328592916908676,49.999,14728523808.821611,0.04196990374527264,0.004526239169152241,1874
0.15259647944037952,49.999,14697298315.063498,0.04094749872279295,0.004505881042452994,1874
0.15184390905488426,49.999,14636330451.794323,0.03978197890420993,0.004483659083954669,1874
0.1510947029786473,49.999,14588111970.909616,0.038682326177893134,0.004461536467049043,1874
0.15032926748699776,49.999,14480869745.185898,0.037435156380840655,0.004438934626667845,1874
0.14952234770905987,49.999,14357034321.387175,0.03612955180539372,0.004415107834965147,1874
0.14872020104179556,49.999,14193897048.980196,0.034771127089718294,0.004391421984055952,1874
0.14793438651735033,49.999,14013458947.072784,0.033431689071513664,0.004368218389965399,1874
0.14710991118123767,49.999,13845892213.350727,0.03212165483271355,0.004343873216337645,1874
0.14628909543078936,49.999,13666764860.158993,0.030831367860999548,0.004319636103247909,1874
0.1454481379136941,49.999,13486670723.757486,0.02956057521054764,0.004294804242462626,1874
0.14461775524873022,49.999,13296243468.046381,0.028320723104505622,0.0042702846367563595,1874
0.14378185680852504,49.999,13180152810.354677,0.02727144706071201,0.004245602160797876,1874
0.14291989008304218,49.999,13081967588.262285,0.02626659238813189,0.004220149938427988,1874
0.1420501790249147,49.999,12975721478.1668,0.02527014536191144,0.004194469040784741,1874
0.14119421501271523,49.999,12910080689.991297,0.024393873709860233,0.004169194067012502,1874
0.14032440988503395,49.999,12851196517.33498,0.02354382308261632,0.004143510391675949,1874
0.1394452797584408,49.999,12813738495.756977,0.02274899653038253,0.0041175513670261505,1874
0.13857933416636248,49.999,12785090877.172901,0.022002066314380838,0.004091981656365389,1874
0.13767810300772224,49.999,12789948108.256975,0.02130396539276173,0.004065370030674695,1874
0.13679226764094723,49.999,12772534125.694975,0.020599283518271592,0.004039213013156834,1874
0.13591861658946774,49.999,12766704355.693914,0.019940719629011023,0.004013415775074952,1874
0.13493560151171674,49.999,12754162964.11982,0.019211090015080246,0.003984389227283498,1874
0.1338331778212337,49.999,12720864165.326767,0.018390894993010283,0.003951836772430571,1874
0.13261787164425753,49.999,12645829201.674967,0.017467263778287785,0.003915951114493407,1874
0.13149895194903677,49.999,12503107095.41707,0.016553761999504375,0.003882911564294005,1874
0.1304298453489617,49.999,12361047358.169212,0.015711131558067068,0.003851342899149789,1874
0.12937433586638555,49.999,12250804711.133204,0.014951080576259962,0.0038201757307779424,1874
0.12835306863690857,49.999,12354742527.736666,0.014492131900808008,0.0037900196703927044,1874
0.12735419499250028,49.999,12492557015.849165,0.014092398435071943,0.0037605248495773676,1874
0.12634652833585674,49.999,12492939771.55821,0.013544048813843516,0.003730770387993894,1874
0.1254170220614085,49.999,12020922541.656437,0.012559938697227194,0.003703323852423499,1874
0.12455630477176269,49.999,11271987446.310991,0.011378797588629835,0.003677908523494879,1874
0.12375785440011983,49.999,10429105491.087255,0.010194788383614593,0.0036543318170982496,1874
0.12306343732336578,49.999,9780816534.018602,0.009295818113611075,0.0036338270141488193,1874
0.12246146397295482,49.999,9476718739.276155,0.008788657179707947,0.0036160518969401796,1874
0.12196322445973799,49.999,8717746859.115702,0.007921657125862453,0.003601339840767993,1874
0.12158792763877678,49.999,7509560415.183747,0.00671945570776779,0.003590258046239944,1874
0.1215027770440769,49.999,6509190159.291957,0.00580397159653982,0.0035877437126732793,1874
0.12160135703600315,49.999,5422648476.185809,0.004854794577791465,0.0035906545905546997,1874
0.12217362217145483,49.999,4476457992.2729645,0.004102882325588926,0.0036075524812173476,1874
0.12308550140214236,49.999,3212699575.035216,0.0030561306029797215,0.0036344785240305885,1874
0.12463152487636801,49.999,2234625735.5571713,0.00226262008374624,0.0036801296287562553,1874
0.1270248685538383,49.999,1384955639.9628377,0.0015422221356230852,0.003750800472172413,1874
0.13042920226756397,49.999,665517024.5660261,0.0008458642266051176,0.0038513239101908726,1874
0.13498627553327439,49.999,267015988.06156307,0.0004029513712369811,0.003985885533842594,1874
0.1408750598500497,40.984,111657231.41413909,0.0005637150096616736,0.005074769217813826,1874
0.14833085140186106,34.184,55723723.34817168,0.0009018972569600266,0.0064062684856383625,1874
0.1575099732771755,29.121,30470078.63946739,0.0014840766514392708,0.00798542986483289,1874
0.16876349716683758,25.279,17691702.36405448,0.0024685199807840926,0.009856328116068588,1874
0.18234421836650022,22.325,10674923.912820647,0.0040826422756167855,0.012058604635621037,1874
0.1985350995368712,20.035,6563118.908514617,0.006598176347427935,0.014630005094786909,1874
0.21776776703150807,18.252,3975576.9208698543,0.010113226639042057,0.017614878990023366,1874
0.24034347985985693,16.865,2376948.637270367,0.014700214917775714,0.02103984449189263,1874
0.26659478863192065,15.771,1429825.9642082225,0.020764390540571095,0.02495680295439503,1874
0.2969239636124772,14.924,851867.4661545772,0.02794125873627166,0.029373556619423733,1874
0.3315682106862457,14.263,505699.1732400966,0.036122362838927495,0.03432088907321838,1874
0.3707900741835069,13.752,299912.0912173207,0.044965460545196054,0.03980693708034934,1874
0.414840587751928,13.357,177734.85764359403,0.054039096014741016,0.045853114643213455,1874
0.46372405190382865,13.056,106011.9054408207,0.06304867053445981,0.05243798641997689,1874
0.5175049055871513,12.829,63433.32299245942,0.07128525080257982,0.05955499493147848,1874
0.5759728137349334,12.659,38334.171334580475,0.07864532202024023,0.06717367539275203,1874
0.6390115749875152,12.535,23394.262490422356,0.08474326294990785,0.07526289385251961,1874
0.7054928143170155,12.445,14527.079860653905,0.08948303027019919,0.08369397981737582,1874
0.7700054223712851,12.385,9450.493784679205,0.09236708832856523,0.09178977361811418,1874
0.8312139180474868,12.341,6441.385191844229,0.09394321777746079,0.09943951110421631,1874
0.88880986041213,12.306,4571.987508516486,0.09454502726652617,0.10663222698995113,1874
0.942702689048856,12.277,3353.4303548635044,0.09418367481440305,0.11336500623746708,1874
0.9928476221491285,12.247,2530.888292851658,0.09324193503936778,0.11968766886057708,1874
1.0393056269912677,12.215,1958.4595750973922,0.09188350179137328,0.12561639727759166,1874
1.0822055367888754,12.181,1547.6085760151186,0.09012993533116495,0.13116662213903085,1874
1.121724382503287,12.146,1248.8131195777703,0.08827460015628565,0.1363482001577646,1874
1.1579830622876779,12.107,1022.7299993513305,0.08613173754279836,0.14120893930903222,1874
1.1910936921829016,12.065,850.6374462662163,0.083928870673257,0.14575220197517627,1874
1.2212770930013743,12.02,717.7815165677063,0.08177393164105388,0.15000518462345572,1874
1.248606867011263,11.97,611.2227409711215,0.07942024777466987,0.15400261484998437,1874
1.273424878649539,11.92,527.7732415313859,0.07726923847744571,0.15772248141762488,1874
1.2956833192885584,11.865,458.7055449039415,0.07494859667210477,0.1612232424751819,1874
1.3156835315483226,11.809,403.3565642796363,0.0728542009585717,0.1644882356435442,1874
1.3334191272321998,11.75,357.2673983590487,0.07074754063703485,0.16754263449935505,1874
1.3490980784919353,11.689,319.1599964643117,0.06877223952281582,0.17039729307053392,1874
1.3629500731336404,11.627,286.6323568630536,0.06675141538337152,0.17306482239007906,1874
1.3749569329924485,11.563,259.2874331478626,0.06485570823750254,0.17555576504997505,1874
1.3857178104385814,11.494,234.56081853200018,0.06285609393700715,0.1779918562723069,1874
1.4079591619743508,11.326,187.16939156510657,0.058462343896786596,0.1835312519466812,1874
1.4299524050601897,11.157,149.27063394800288,0.054314903781472315,0.18922158484551488,1874
1.451505789367833,10.997,119.89592558846873,0.050536021814151295,0.19486824483266316,1874
